pick_id,date,slot,kind,venue,venue_key,race,axis,axis_name,partners,score,axis_finish,first,second,third,kimarite,hit,cost,payout,status,t3_hit,t3_cost,t3_payout
20260920-honmei-sasebo-2,20260920,19:45,honmei,佐世保,sasebo,2,1,,2-3-4,,2,4,1,2,差,0,300,0,ok,,,
20260920-honmei-sasebo-9,20260920,19:45,honmei,佐世保,sasebo,9,1,,3-7-2,,2,5,1,2,差,0,300,0,ok,,,
20260920-honmei-sasebo-8,20260920,19:45,honmei,佐世保,sasebo,8,1,,2-4-3,,1,1,2,3,逃,1,300,130,ok,,,
20260920-honmei-sasebo-6,20260920,19:45,honmei,佐世保,sasebo,6,1,,2-5-7,,1,1,2,5,逃,1,300,170,ok,,,
20260920-honmei-kochi-6,20260920,19:45,honmei,高知,kochi,6,1,,3-5-2,,2,6,1,2,差,0,300,0,ok,,,
20260920-ara-kochi-1,20260920,19:45,ara,高知,kochi,1,2,,1-3,,4,1,3,4,捲,0,200,0,ok,,,
20260920-ara-sasebo-1,20260920,19:45,ara,佐世保,sasebo,1,2,,1-3,,2,1,2,3,捲,0,200,0,ok,,,
20260920-ara-kochi-2,20260920,19:45,ara,高知,kochi,2,2,,1-3,,3,1,3,2,差,0,200,0,ok,,,
20260920-ara-shizuoka-11,20260920,19:45,ara,静岡,shizuoka,11,5,,6-4,,4,4,6,1,差,0,200,0,ok,,,
20260920-ara-kochi-9,20260920,19:45,ara,高知,kochi,9,3,,4-1,,2,4,3,6,捲,0,200,0,ok,,,
20260920-ara-sasebo-5,20260920,20:02,ara,佐世保,sasebo,5,5,,2-1,,2,1,5,2,差,0,200,0,ok,,,
20260921-honmei-omiya-7,20260921,10:28,honmei,大宮,omiya,7,3,,4-6-7,,1,3,4,1,逃,1,300,120,ok,0,0,0
20260921-honmei-yahiko-2,20260921,10:28,honmei,弥彦,yahiko,2,5,,1-7-2,,3,7,2,5,捲,0,300,0,ok,0,0,0
20260921-honmei-yahiko-9,20260921,10:28,honmei,弥彦,yahiko,9,1,,4-2-3,,3,2,4,1,差,0,300,0,ok,0,0,0
20260921-honmei-toyama-4,20260921,10:28,honmei,富山,toyama,4,3,,5-6-9,,2,5,3,6,逃,0,300,0,ok,0,0,0
20260921-honmei-toyama-5,20260921,10:28,honmei,富山,toyama,5,9,,5-2-1,,1,9,2,5,捲,1,300,1290,ok,0,0,0
20260921-honmei-aomori-11,20260921,10:28,honmei,青森,aomori,11,7,,4-1-3,,1,7,5,4,差,0,300,0,ok,0,0,0
20260921-honmei-aomori-4,20260921,10:28,honmei,青森,aomori,4,7,,1-4-6,,2,1,7,4,差,0,300,0,ok,0,0,0
20260921-honmei-matsuyama-6,20260921,10:28,honmei,松山,matsuyama,6,5,,2-7-3,,3,6,3,5,差,0,300,0,ok,0,0,0
20260921-honmei-matsuyama-2,20260921,10:28,honmei,松山,matsuyama,2,3,,2-1-4,,3,1,5,3,差,0,300,0,ok,0,0,0
20260921-honmei-sasebo-2,20260921,10:28,honmei,佐世保,sasebo,2,1,,2-3-4,,1,1,3,4,捲,1,300,260,ok,0,0,0
20260921-honmei-sasebo-9,20260921,10:28,honmei,佐世保,sasebo,9,1,,2-3-4,,3,2,7,1,差,0,300,0,ok,0,0,0
20260921-honmei-kochi-4,20260921,10:28,honmei,高知,kochi,4,1,,2-3-4,,2,2,1,7,差,0,300,0,ok,0,0,0
20260921-honmei-kochi-6,20260921,10:28,honmei,高知,kochi,6,1,,2-3-4,,5,4,2,3,逃,0,300,0,ok,0,0,0
20260921-ara-yahiko-5,20260921,10:28,ara,弥彦,yahiko,5,1,,7-2,,4,2,3,7,捲,0,200,0,ok,0,0,0
20260921-ara-yahiko-11,20260921,10:28,ara,弥彦,yahiko,11,2,,6-1,,4,1,5,4,差,0,200,0,ok,0,0,0
20260921-ara-toyama-11,20260921,10:28,ara,富山,toyama,11,9,,5-1,,5,4,6,7,捲,0,200,0,ok,0,0,0
20260921-ara-toyama-8,20260921,10:28,ara,富山,toyama,8,2,,7-3,,3,9,5,2,差,0,200,0,ok,0,0,0
20260921-ara-aomori-5,20260921,10:28,ara,青森,aomori,5,7,,1-5,,6,3,2,4,捲,0,200,0,ok,0,0,0
20260921-ara-aomori-1,20260921,10:28,ara,青森,aomori,1,5,,3-3,,2,3,5,2,逃,0,200,0,ok,0,0,0
20260921-ara-matsuyama-9,20260921,10:28,ara,松山,matsuyama,9,4,,5-7,,2,5,4,2,逃,0,200,0,ok,0,0,0
20260921-ara-matsuyama-11,20260921,10:28,ara,松山,matsuyama,11,1,,4-5,,1,1,4,7,捲,1,200,620,ok,0,0,0
20260921-ara-sasebo-8,20260921,10:28,ara,佐世保,sasebo,8,2,,1-3,,3,6,4,2,捲,0,200,0,ok,0,0,0
20260921-ara-sasebo-7,20260921,10:28,ara,佐世保,sasebo,7,1,,2-3,,6,5,2,6,逃,0,200,0,ok,0,0,0
20260921-ara-kochi-8,20260921,10:28,ara,高知,kochi,8,3,,1-2,,5,1,4,2,逃,0,200,0,ok,0,0,0
20260921-ara-kochi-7,20260921,10:28,ara,高知,kochi,7,2,,1-4,,1,2,3,1,差,0,200,0,ok,0,0,0
20260921-honmei-toyama-10,20260921,13:03,honmei,富山,toyama,10,1,,8-4-3,,3,7,2,1,差,0,300,0,ok,0,600,0
20260921-honmei-toyama-7,20260921,13:03,honmei,富山,toyama,7,5,,1-8-9,,9,9,1,8,捲,0,300,0,ok,0,600,0
20260921-honmei-yahiko-8,20260921,13:03,honmei,弥彦,yahiko,8,7,,2-3-1,,6,5,3,1,差,0,300,0,ok,0,600,0
20260921-ara-yahiko-12,20260921,13:03,ara,弥彦,yahiko,12,2,,6-1,,1,2,6,5,差,1,200,490,ok,0,600,0
20260921-honmei-matsuyama-11,20260921,20:04,honmei,松山,matsuyama,11,4,,1-5-7,,2,1,4,7,捲,0,300,0,ok,0,600,0
20260921-honmei-aomori-12,20260921,20:04,honmei,青森,aomori,12,1,,5-2-4,,1,1,5,7,差,1,300,640,ok,0,600,0
20260922-honmei-ogaki-4,20260922,08:14,honmei,大垣,ogaki,4,5,,1-3-2,,1,5,7,4,逃,0,300,0,ok,0,600,0
20260922-honmei-ogaki-1,20260922,08:14,honmei,大垣,ogaki,1,1,,2-4-3,,4,2,5,6,差,0,300,0,ok,0,600,0
20260922-ara-hiroshima-7,20260922,08:14,ara,広島,hiroshima,7,7,,4-4,,1,7,2,6,差,0,200,0,ok,0,400,0
20260922-ara-hiroshima-2,20260922,08:14,ara,広島,hiroshima,2,3,,4-4,,1,3,4,7,差,1,200,590,ok,1,400,1130
20260922-ara-omiya-1,20260922,08:14,ara,大宮,omiya,1,3,,7,,5,7,1,4,逃,0,100,0,ok,0,300,0
20260922-ara-omiya-6,20260922,08:14,ara,大宮,omiya,6,3,,4-7,,6,1,7,2,差,0,200,0,ok,0,600,0
20260922-ara-ogaki-7,20260922,08:14,ara,大垣,ogaki,7,2,,4-1,,2,1,2,4,差,0,200,0,ok,0,600,0
20260922-ara-tachikawa-5,20260922,08:14,ara,立川,tachikawa,5,4,,7,,2,1,4,7,捲,0,100,0,ok,0,300,0
20260922-ara-tachikawa-7,20260922,08:14,ara,立川,tachikawa,7,1,,5-5,,6,2,5,7,捲,0,200,0,ok,0,400,0
20260922-honmei-hiroshima-4,20260922,08:53,honmei,広島,hiroshima,4,2,森下龍之介,5-6-1,,1,2,1,3,逃,1,300,550,ok,0,600,0
20260922-ara-omiya-7,20260922,08:53,ara,大宮,omiya,7,7,大内達也,2-2,,3,3,2,7,差,0,200,0,ok,0,400,0
20260922-ara-hiroshima-3,20260922,08:53,ara,広島,hiroshima,3,3,竹野行登,7-4,,5,4,1,2,差,0,200,0,ok,0,600,0
20260922-honmei-ogaki-6,20260922,13:03,honmei,大垣,ogaki,6,7,久米詩,2-6-4,,1,7,1,6,捲,0,300,0,ok,0,600,0
20260922-honmei-hiroshima-6,20260922,08:14,honmei,広島,hiroshima,6,5,,7-3-2,,2,7,5,3,捲,0,300,0,ok,0,600,0
20260922-honmei-hiroshima-1,20260922,08:14,honmei,広島,hiroshima,1,4,,3-6-2,,2,3,4,2,差,0,300,0,ok,0,600,0
20260922-honmei-omiya-2,20260922,08:14,honmei,大宮,omiya,2,1,,7-3-2,,1,1,3,7,捲,1,300,810,ok,1,600,2830
20260922-honmei-omiya-3,20260922,08:14,honmei,大宮,omiya,3,7,,2-3-1,,5,1,5,6,差,0,300,0,ok,0,600,0
20260922-honmei-tachikawa-8,20260922,08:14,honmei,立川,tachikawa,8,2,,5-7-4,,2,5,2,7,差,0,300,0,ok,0,600,0
20260922-honmei-tachikawa-11,20260922,08:14,honmei,立川,tachikawa,11,7,,1-4-3,,5,3,1,4,逃,0,300,0,ok,0,600,0
20260922-honmei-aomori-3,20260922,08:14,honmei,青森,aomori,3,4,,1-6-5,,2,7,4,5,差,0,300,0,ok,0,600,0
20260922-honmei-aomori-7,20260922,08:14,honmei,青森,aomori,7,5,,1-3-4,,1,5,1,4,捲,1,300,210,ok,1,600,860
20260922-ara-ogaki-11,20260922,08:14,ara,大垣,ogaki,11,1,,5-3,,1,1,4,5,逃,0,200,0,ok,0,600,0
20260922-ara-aomori-6,20260922,08:14,ara,青森,aomori,6,5,,2-1,,1,5,2,3,差,1,200,540,ok,1,600,2810
20260922-ara-aomori-9,20260922,08:14,ara,青森,aomori,9,3,,5-7,,2,2,3,4,差,0,200,0,ok,0,600,0
20260922-honmei-ogaki-9,20260922,13:03,honmei,大垣,ogaki,9,1,山本健也,7-2-6,,2,7,1,2,捲,0,300,0,ok,0,600,0
20260922-ara-tachikawa-9,20260922,13:03,ara,立川,tachikawa,9,5,柴田洋輔,7-3,,7,3,6,2,差,0,200,0,ok,0,600,0
20260922-honmei-ogaki-10,20260922,13:53,honmei,大垣,ogaki,10,5,内山慧大,4-3-1,,1,5,1,7,逃,1,300,180,ok,0,600,0
20260922-ara-tachikawa-10,20260922,13:53,ara,立川,tachikawa,10,4,椎木尾拓哉,3-3,,2,5,4,1,差,0,200,0,ok,0,400,0
20260922-ara-ogaki-8,20260922,13:53,ara,大垣,ogaki,8,1,尾崎悠生,5-4,,4,4,7,3,捲,0,200,0,ok,0,600,0
20260922-honmei-aomori-10,20260922,19:26,honmei,青森,aomori,10,7,雨谷一樹,2-5-1,,1,7,4,2,捲,0,300,0,ok,0,600,0
20260922-honmei-aomori-11,20260922,19:26,honmei,青森,aomori,11,2,小川真太郎,4-1-7,,1,2,5,1,差,0,300,0,ok,0,600,0
20260922-ara-aomori-12,20260922,19:26,ara,青森,aomori,12,2,松尾透,4-1,,5,4,5,1,捲,0,200,0,ok,0,600,0
20260922-honmei-kochi-1,20260922,08:14,honmei,高知,kochi,1,1,,2-3-4,,1,1,7,6,逃,0,300,0,ok,0,600,0
20260922-honmei-kochi-2,20260922,08:14,honmei,高知,kochi,2,1,,3-2-5,,2,2,1,4,差,0,300,0,ok,0,600,0
20260922-ara-kochi-3,20260922,08:14,ara,高知,kochi,3,2,,1-4,,2,1,2,5,差,0,200,0,ok,0,600,0
20260922-ara-sasebo-2,20260922,08:14,ara,佐世保,sasebo,2,1,,2-4,,2,2,1,4,差,0,200,0,ok,0,600,0
20260922-honmei-sasebo-4,20260922,08:14,honmei,佐世保,sasebo,4,1,,2-4-3,,1,1,2,5,捲,1,300,590,ok,1,600,3890
20260922-ara-sasebo-6,20260922,08:14,ara,佐世保,sasebo,6,2,,3-1,,1,2,4,3,捲,0,200,0,ok,0,600,0
20260922-honmei-sasebo-9,20260922,08:14,honmei,佐世保,sasebo,9,1,,2-3-4,,1,1,4,3,差,1,300,1010,ok,0,600,0
20260922-ara-kochi-9,20260922,08:14,ara,高知,kochi,9,1,,3-2,,5,7,2,6,差,0,200,0,ok,0,600,0
20260923-honmei-omiya-2,20260923,08:13,honmei,大宮,omiya,2,1,大越啓介,4-3-5,,5,5,2,4,捲,0,300,0,ok,0,600,0
20260923-ara-omiya-3,20260923,08:13,ara,大宮,omiya,3,5,茂木和臣,2-1,,5,4,6,3,差,0,200,0,ok,0,600,0
20260923-honmei-omiya-6,20260923,08:13,honmei,大宮,omiya,6,3,大内達也,5-4-7,,2,7,3,5,捲,0,300,0,ok,0,600,0
20260923-ara-omiya-7,20260923,08:13,ara,大宮,omiya,7,7,北村篤,2-3,,3,3,1,7,差,0,200,0,ok,0,600,0
20260923-ara-ogaki-1,20260923,08:13,ara,大垣,ogaki,1,3,小林寛弥,5-1,,2,5,3,4,差,0,200,0,ok,0,600,0
20260923-ara-tachikawa-2,20260923,08:13,ara,立川,tachikawa,2,7,島野浩司,5-1,,5,1,4,2,差,0,200,0,ok,0,600,0
20260923-ara-ogaki-2,20260923,08:13,ara,大垣,ogaki,2,2,飯田威文,4-1,,3,4,1,2,逃,0,200,0,ok,0,600,0
20260923-honmei-ogaki-4,20260923,08:13,honmei,大垣,ogaki,4,1,坂井央雅,2-4-7,,1,1,2,4,捲,1,300,360,ok,1,600,1770
20260923-honmei-komatsushima-4,20260923,08:13,honmei,小松島,komatsushima,4,2,安達光伸,4-7-5,,2,4,2,6,差,0,300,0,ok,0,600,0
20260923-ara-komatsushima-5,20260923,08:13,ara,小松島,komatsushima,5,4,保科千春,6-7,,6,2,7,3,捲,0,200,0,ok,0,600,0
20260923-honmei-tachikawa-6,20260923,08:13,honmei,立川,tachikawa,6,2,海老根恵太,3-7-4,,4,7,3,1,差,0,300,0,ok,0,600,0
20260923-honmei-ogaki-7,20260923,08:13,honmei,大垣,ogaki,7,1,小笠原昭太,2-4-5,,1,1,7,4,差,0,300,0,ok,0,600,0
20260923-ara-komatsushima-8,20260923,08:13,ara,小松島,komatsushima,8,2,岡田泰地,7-1,,2,7,2,5,逃,0,200,0,ok,0,600,0
20260923-honmei-tachikawa-9,20260923,08:13,honmei,立川,tachikawa,9,3,久田朔,5-7-2,,4,1,2,5,差,0,300,0,ok,0,600,0
20260923-honmei-komatsushima-9,20260923,08:13,honmei,小松島,komatsushima,9,7,田中晴基,2-4-1,,2,2,7,4,捲,0,300,0,ok,0,600,0
20260923-honmei-ito-1,20260923,08:13,honmei,伊東,ito,1,3,橋本陸,2-4-7,,6,6,2,4,差,0,300,0,ok,0,600,0
20260923-ara-tachikawa-12,20260923,08:13,ara,立川,tachikawa,12,2,山口敦也,7-7,,6,1,4,5,捲,0,200,0,ok,0,400,0
20260923-ara-aomori-2,20260923,08:13,ara,青森,aomori,2,6,堀僚介,4,,7,2,4,7,差,0,100,0,ok,0,300,0
20260923-ara-aomori-3,20260923,16:22,ara,青森,aomori,3,7,川木敬大,3-4,,5,4,2,6,差,0,200,0,ok,0,600,0
20260923-honmei-ito-4,20260923,16:22,honmei,伊東,ito,4,1,貝原涼太,2-4-3,,1,1,3,4,捲,1,300,660,ok,0,600,0
20260923-ara-aomori-4,20260923,16:22,ara,青森,aomori,4,2,阿久津修,7-7,,1,2,4,1,差,0,200,0,ok,0,400,0
20260923-ara-ito-5,20260923,08:13,ara,伊東,ito,5,5,橋本智昭,4-1,,6,7,3,4,捲,0,200,0,ok,0,600,0
20260923-honmei-ito-6,20260923,08:13,honmei,伊東,ito,6,2,畠山ひすい,4-1-7,,2,1,2,3,捲,0,300,0,ok,0,600,0
20260923-honmei-aomori-6,20260923,08:13,honmei,青森,aomori,6,5,和泉尚吾,1-4-2,,4,2,3,6,差,0,300,0,ok,0,600,0
20260923-ara-aomori-9,20260923,08:13,ara,青森,aomori,9,7,皿屋豊,3-1,,1,7,3,1,差,1,200,340,ok,1,600,950
20260923-honmei-aomori-10,20260923,16:22,honmei,青森,aomori,10,4,筒井敦史,3-5-1,,3,5,2,4,逃,0,300,0,ok,0,600,0
20260923-ara-aomori-11,20260923,16:22,ara,青森,aomori,11,5,北野武史,3-1,,2,2,5,7,捲,0,200,0,ok,0,600,0
20260923-ara-ito-12,20260923,08:13,ara,伊東,ito,12,7,松井宏佑,1-2,,3,2,3,7,差,0,200,0,ok,0,600,0
20260923-honmei-aomori-12,20260923,08:13,honmei,青森,aomori,12,7,小川真太郎,2-1-3,,1,7,5,3,捲,0,300,0,ok,0,600,0
20260924-honmei-tachikawa-1,20260924,08:12,honmei,立川,tachikawa,1,1,上田学,7-3-2,,7,7,5,2,逃,0,300,0,ok,0,600,0
20260924-ara-komatsushima-2,20260924,08:12,ara,小松島,komatsushima,2,7,土井勲,1-4,,1,7,5,1,差,0,200,0,ok,0,600,0
20260924-honmei-tachikawa-6,20260924,08:12,honmei,立川,tachikawa,6,4,海老根恵太,1-2-5,,6,1,3,5,差,0,300,0,ok,0,600,0
20260924-ara-ogaki-6,20260924,11:06,ara,大垣,ogaki,6,7,黒沢夢姫,5-2,9.94,4,6,2,5,逃,0,200,0,ok,0,600,0
20260924-honmei-tachikawa-7,20260924,08:12,honmei,立川,tachikawa,7,5,久田朔,3-1-2,,1,5,6,2,逃,0,300,0,ok,0,600,0
20260924-ara-tachikawa-8,20260924,08:12,ara,立川,tachikawa,8,3,田中和磨,5-1,,4,1,2,6,差,0,200,0,ok,0,600,0
20260924-ara-komatsushima-9,20260924,08:12,ara,小松島,komatsushima,9,2,今藤康裕,6-1,,0,3,7,6,差,0,200,0,ok,0,600,0
20260924-honmei-komatsushima-12,20260924,08:12,honmei,小松島,komatsushima,12,5,小倉竜二,1-3-4,,1,5,4,2,差,1,300,2200,ok,0,600,0
20260924-ara-tachikawa-12,20260924,08:12,ara,立川,tachikawa,12,1,寺沼拓摩,5-3,,1,1,7,3,捲,0,200,0,ok,0,600,0
20260924-honmei-beppu-6,20260924,08:12,honmei,別府,beppu,6,7,児玉碧衣,2-4-6,,1,7,2,4,捲,1,300,220,ok,1,600,350
20260924-ara-ito-10,20260924,08:12,ara,伊東,ito,10,1,香川雄介,7-2,,2,7,1,4,逃,0,200,0,ok,0,600,0
20260924-ara-nara-3,20260924,20:04,ara,奈良,nara,3,4,高木隆弘,1-1,8.32,7,2,5,3,捲,0,200,0,ok,0,400,0
20260924-ara-yahiko-3,20260924,20:04,ara,弥彦,yahiko,3,2,大薗宏,7-1,7.39,3,4,1,2,逃,0,200,0,ok,0,600,0
20260924-ara-nara-4,20260924,20:04,ara,奈良,nara,4,2,岡崎和久,3-1,8.0,5,4,1,5,捲,0,200,0,ok,0,600,0
20260924-ara-yahiko-4,20260924,20:04,ara,弥彦,yahiko,4,3,富澤洋祐,1-1,7.44,7,2,4,7,捲,0,200,0,ok,0,400,0
20260924-ara-kawasaki-4,20260924,20:04,ara,川崎,kawasaki,4,2,秋山貴宏,1-1,7.44,5,1,5,3,捲,0,200,0,ok,0,400,0
20260924-honmei-nara-5,20260924,11:06,honmei,奈良,nara,5,1,田上晃也,2-5-6,26.96,1,1,2,3,逃,1,300,170,ok,1,600,680
20260924-honmei-kawasaki-5,20260924,20:04,honmei,川崎,kawasaki,5,1,近藤雄太,2-3-4,21.75,2,2,1,3,差,0,300,0,ok,0,600,0
20260924-honmei-kawasaki-6,20260924,20:04,honmei,川崎,kawasaki,6,1,松本悠平,4-5-6,20.05,1,1,2,3,逃,0,300,0,ok,0,600,0
20260924-honmei-yahiko-6,20260924,20:04,honmei,弥彦,yahiko,6,1,才迫勇馬,2-4-7,19.03,1,1,2,4,逃,1,300,160,ok,1,600,220
20260924-honmei-yahiko-7,20260924,11:06,honmei,弥彦,yahiko,7,1,吉川敬介,4-2-3,24.21,1,1,4,2,逃,1,300,140,ok,1,600,200
20260925-ara-komatsushima-2,20260925,08:13,ara,小松島,komatsushima,2,6,田村裕也,1-1,15.17,7,1,5,4,捲,0,200,0,ok,0,400,0
20260925-ara-komatsushima-11,20260925,08:13,ara,小松島,komatsushima,11,3,蒔田英彦,7-5,16.36,3,2,5,3,捲,0,200,0,ok,0,600,0
20260925-honmei-ito-2,20260925,08:13,honmei,伊東,ito,2,4,渡邊健,3-7-2,23.92,4,1,3,7,差,0,300,0,ok,0,600,0
20260925-ara-beppu-1,20260925,08:13,ara,別府,beppu,1,5,尾崎勝弘,3-4,10.18,4,4,2,6,差,0,200,0,ok,0,600,0
20260925-ara-beppu-3,20260925,08:13,ara,別府,beppu,3,4,入田龍馬,7-3,13.34,2,7,4,6,差,0,200,0,ok,0,600,0
20260925-honmei-beppu-4,20260925,08:13,honmei,別府,beppu,4,1,沢田桂太郎,4-7-2,17.88,1,1,4,5,逃,1,300,120,ok,0,600,0
20260925-honmei-beppu-6,20260925,08:13,honmei,別府,beppu,6,4,児玉碧衣,6-3-2,25.93,1,4,5,2,逃,0,300,0,ok,0,600,0
20260925-honmei-ito-7,20260925,08:13,honmei,伊東,ito,7,2,山崎芳仁,5-4-7,20.95,1,2,4,1,差,1,300,230,ok,1,600,2940
20260925-ara-beppu-8,20260925,08:13,ara,別府,beppu,8,1,吉岡篤志,4-5,9.84,6,7,4,3,差,0,200,0,ok,0,600,0
20260925-honmei-beppu-11,20260925,08:13,honmei,別府,beppu,11,4,半田誠,3-2-5,20.92,2,1,4,7,差,0,300,0,ok,0,600,0
20260925-honmei-nara-1,20260925,20:04,honmei,奈良,nara,1,1,吉田彰久,3-5-2,25.22,1,1,3,5,差,1,300,180,ok,1,600,270
20260925-ara-yahiko-1,20260925,20:04,ara,弥彦,yahiko,1,5,小野祐作,2-1,9.75,1,5,2,3,差,1,200,1550,ok,1,600,12330
20260925-honmei-yahiko-2,20260925,20:04,honmei,弥彦,yahiko,2,1,大越啓介,4-5-3,13.96,1,1,7,4,差,0,300,0,ok,0,600,0
20260925-honmei-kawasaki-4,20260925,20:04,honmei,川崎,kawasaki,4,1,秋山貴宏,2-4-6,23.58,2,3,1,6,差,0,300,0,ok,0,600,0
20260925-honmei-nara-5,20260925,20:04,honmei,奈良,nara,5,1,田上晃也,4-2-3,16.05,1,1,2,7,捲,1,300,350,ok,0,600,0
20260925-ara-nara-6,20260925,20:04,ara,奈良,nara,6,1,小川巧,5-2,15.58,5,3,2,4,捲,0,200,0,ok,0,600,0
20260925-ara-kawasaki-6,20260925,20:04,ara,川崎,kawasaki,6,5,坂本英一,4-1,8.3,3,1,3,5,逃,0,200,0,ok,0,600,0
20260925-honmei-yahiko-6,20260925,20:04,honmei,弥彦,yahiko,6,1,才迫勇馬,2-6-4,14.28,5,4,3,6,捲,0,300,0,ok,0,600,0
20260925-ara-nara-7,20260925,20:04,ara,奈良,nara,7,2,水本博行,1-1,8.74,4,1,7,4,捲,0,200,0,ok,0,400,0
20260925-ara-kawasaki-7,20260925,20:04,ara,川崎,kawasaki,7,5,船倉卓郎,2-1,9.4,4,1,2,4,捲,0,200,0,ok,0,600,0
20260926-honmei-kumamoto-5,20260926,08:13,honmei,熊本,kumamoto,5,7,藤田周磨,5-1-4,24.66,1,7,3,1,捲,0,300,0,ok,0,600,0
20260926-ara-kumamoto-7,20260926,08:13,ara,熊本,kumamoto,7,2,藤原誠,3-1,12.77,7,5,1,3,捲,0,200,0,ok,0,600,0
20260926-honmei-gifu-1,20260926,08:13,honmei,岐阜,gifu,1,7,三谷将太,1-4-2,17.09,1,7,9,4,差,0,300,0,ok,0,600,0
20260926-honmei-beppu-2,20260926,08:13,honmei,別府,beppu,2,4,冨倉巧,2-7-5,20.66,2,2,4,1,差,0,300,0,ok,0,600,0
20260926-ara-gifu-2,20260926,08:13,ara,岐阜,gifu,2,7,佐々木雄一,3-1,9.9,1,7,3,4,差,1,200,460,ok,0,600,0
20260926-ara-gifu-4,20260926,08:13,ara,岐阜,gifu,4,1,川口公太朗,5-7,11.83,1,1,5,4,差,1,200,380,ok,0,600,0
20260926-honmei-gifu-5,20260926,08:13,honmei,岐阜,gifu,5,5,武藤龍生,9-2-1,22.19,1,5,9,2,差,1,300,210,ok,1,600,420
20260926-ara-beppu-5,20260926,08:13,ara,別府,beppu,5,1,鶴淳志,5-2,10.85,2,7,1,4,差,0,200,0,ok,0,600,0
20260926-honmei-gifu-9,20260926,08:13,honmei,岐阜,gifu,9,7,松谷秀幸,3-2-1,16.22,2,3,7,9,逃,0,300,0,ok,0,600,0
20260926-ara-gifu-12,20260926,08:13,ara,岐阜,gifu,12,8,山崎賢人,2-7,14.8,6,1,7,3,捲,0,200,0,ok,0,600,0
20260926-honmei-kawasaki-1,20260926,20:04,honmei,川崎,kawasaki,1,1,加藤昌平,2-5-3,19.82,2,4,1,3,捲,0,300,0,ok,0,600,0
20260926-honmei-nara-3,20260926,20:04,honmei,奈良,nara,3,1,岡崎和久,4-5-2,18.24,1,1,4,5,差,1,300,200,ok,1,600,270
20260926-honmei-yahiko-4,20260926,20:04,honmei,弥彦,yahiko,4,1,大薗宏,6-5-2,15.77,2,6,1,3,逃,0,300,0,ok,0,600,0
20260926-ara-nara-4,20260926,20:04,ara,奈良,nara,4,5,柴田健,2-1,8.71,6,3,7,4,差,0,200,0,ok,0,600,0
20260926-ara-kawasaki-5,20260926,20:04,ara,川崎,kawasaki,5,4,坂本英一,1-1,15.53,6,1,3,2,捲,0,200,0,ok,0,400,0
20260926-honmei-kawasaki-6,20260926,20:04,honmei,川崎,kawasaki,6,1,近藤雄太,3-4-2,18.62,2,3,1,5,差,0,300,0,ok,0,600,0
20260926-honmei-yahiko-6,20260926,20:04,honmei,弥彦,yahiko,6,1,才迫勇馬,2-4-3,19.4,2,2,1,4,差,0,300,0,ok,0,600,0
20260926-ara-nara-7,20260926,20:04,ara,奈良,nara,7,2,高佐龍太郎,3-1,12.62,1,2,1,5,差,1,200,610,ok,1,600,1550
20260926-ara-kawasaki-7,20260926,20:04,ara,川崎,kawasaki,7,5,宮崎一彰,1-1,11.21,1,5,1,6,差,1,200,5460,ok,0,400,0
20260926-ara-yahiko-7,20260926,20:04,ara,弥彦,yahiko,7,3,藤野一良,2-1,10.1,4,6,1,2,差,0,200,0,ok,0,600,0
20260927-honmei-aomori-2,20260927,08:13,honmei,青森,aomori,2,7,三ッ井武,2-4-1,21.39,1,7,2,1,差,1,300,260,ok,1,600,1620
20260927-ara-aomori-1,20260927,08:13,ara,青森,aomori,1,5,長沼謙太,1-4,11.93,0,6,2,4,捲,0,200,0,ok,0,600,0
20260927-honmei-aomori-6,20260927,08:13,honmei,青森,aomori,6,2,宇佐見優介,5-6-4,15.71,2,5,2,4,捲,0,300,0,ok,0,600,0
20260927-ara-takeo-6,20260927,08:13,ara,武雄,takeo,6,6,佐川翔吾,3-7,9.4,7,4,3,7,差,0,200,0,ok,0,600,0
20260927-ara-kishiwada-8,20260927,08:13,ara,岸和田,kishiwada,8,1,吉川起也,2-4,11.17,2,2,1,4,差,0,200,0,ok,0,600,0
20260927-honmei-takeo-9,20260927,08:13,honmei,武雄,takeo,9,1,長尾拳太,7-4-2,20.72,2,7,1,4,逃,0,300,0,ok,0,600,0
20260927-ara-gifu-3,20260927,08:13,ara,岐阜,gifu,3,3,岡田征陽,9-1,13.07,5,7,1,5,逃,0,200,0,ok,0,600,0
20260927-honmei-gifu-5,20260927,08:13,honmei,岐阜,gifu,5,1,原大智,9-7-5,18.4,2,7,1,9,差,0,300,0,ok,0,600,0
20260927-honmei-gifu-8,20260927,08:13,honmei,岐阜,gifu,8,9,菅田壱道,2-5-3,22.87,1,9,5,1,差,1,300,560,ok,0,600,0
20260927-ara-gifu-10,20260927,19:23,ara,岐阜,gifu,10,1,山田英明,7-7,9.29,3,2,3,1,差,0,200,0,ok,0,400,0
20260927-honmei-gifu-11,20260927,19:23,honmei,岐阜,gifu,11,1,山口拳矢,5-7-3,10.5,2,9,1,5,捲,0,300,0,ok,0,600,0
20260927-ara-gifu-12,20260927,08:13,ara,岐阜,gifu,12,2,和田圭,9-7,8.7,1,2,9,5,差,1,200,2150,ok,1,600,11560
20260927-honmei-tamano-2,20260927,19:23,honmei,玉野,tamano,2,1,小林優香,2-3-4,14.96,0,3,2,4,捲,0,300,0,ok,0,600,0
20260927-honmei-iwakidaira-2,20260927,19:23,honmei,いわき平,iwakidaira,2,1,藤田まりあ,2-3-4,12.21,1,1,2,3,差,1,300,160,ok,1,600,320
20260927-ara-tamano-3,20260927,20:04,ara,玉野,tamano,3,1,原真司,2-3,3.5,6,2,3,4,逃,0,200,0,ok,0,600,0
20260927-ara-iwakidaira-4,20260927,19:23,ara,いわき平,iwakidaira,4,1,秋本耀太郎,2-3,4.88,1,1,2,5,捲,1,200,460,ok,1,600,1680
20260927-ara-iwakidaira-5,20260927,19:23,ara,いわき平,iwakidaira,5,1,菅谷隆司,2-3,4.76,1,1,3,2,差,1,200,2660,ok,1,600,3910
20260927-honmei-iwakidaira-6,20260927,19:23,honmei,いわき平,iwakidaira,6,1,高本和也,2-3-4,10.01,1,1,2,3,捲,1,300,260,ok,1,600,480
20260927-ara-tamano-7,20260927,19:23,ara,玉野,tamano,7,2,高橋義秋,1-3,5.11,2,1,2,3,差,0,200,0,ok,0,600,0
20260927-honmei-iwakidaira-8,20260927,20:04,honmei,いわき平,iwakidaira,8,1,岩辺陸,2-3-5,9.49,3,2,4,1,差,0,300,0,ok,0,600,0
20260927-honmei-tamano-9,20260927,19:23,honmei,玉野,tamano,9,1,一丸尚伍,3-2-4,11.37,1,1,7,2,捲,0,300,0,ok,0,600,0
20260927-ara-iwakidaira-9,20260927,20:04,ara,いわき平,iwakidaira,9,2,松本京太,1-5,4.67,1,2,7,6,逃,0,200,0,ok,0,600,0
20260928-honmei-aomori-2,20260928,08:13,honmei,青森,aomori,2,1,田原宥明,5-6-2,25.38,2,5,1,6,差,0,300,0,ok,0,600,0
20260928-ara-aomori-1,20260928,08:13,ara,青森,aomori,1,1,桜井大地,4,14.49,1,1,4,3,逃,1,100,280,ok,1,300,460
20260928-honmei-aomori-3,20260928,08:13,honmei,青森,aomori,3,3,山田幸司,7-5-2,22.79,2,7,3,4,逃,0,300,0,ok,0,600,0
20260928-ara-takeo-6,20260928,08:13,ara,武雄,takeo,6,1,佐川翔吾,7-7,13.87,2,7,1,5,逃,0,200,0,ok,0,400,0
20260928-ara-takeo-8,20260928,08:13,ara,武雄,takeo,8,1,小林潤二,5-2,13.7,5,3,6,7,差,0,200,0,ok,0,600,0
20260928-ara-gifu-1,20260928,08:13,ara,岐阜,gifu,1,5,網谷竜次,1-4,14.35,7,2,4,7,捲,0,200,0,ok,0,600,0
20260928-honmei-takeo-12,20260928,08:13,honmei,武雄,takeo,12,7,山田庸平,1-4-3,25.07,1,7,1,3,差,1,300,120,ok,1,600,700
20260928-honmei-hiratsuka-4,20260928,08:13,honmei,平塚,hiratsuka,4,4,篠原輝利,5-1-2,22.95,1,4,5,1,逃,1,300,130,ok,1,600,140
20260928-ara-gifu-6,20260928,08:13,ara,岐阜,gifu,6,9,友定祐己,1-3,15.27,7,3,1,4,差,0,200,0,ok,0,600,0
20260928-honmei-gifu-9,20260928,08:13,honmei,岐阜,gifu,9,5,嘉永泰斗,9-2-3,25.05,1,5,9,1,逃,1,300,190,ok,0,600,0
20260928-honmei-iwakidaira-2,20260928,20:05,honmei,いわき平,iwakidaira,2,1,藤田まりあ,2-3-4,14.52,1,1,2,3,差,1,300,190,ok,1,600,260
20260928-honmei-tamano-3,20260928,20:05,honmei,玉野,tamano,3,1,魚屋周成,2-4-3,16.04,1,2,,3,差,0,300,0,ok,0,600,0
20260928-honmei-tamano-4,20260928,20:05,honmei,玉野,tamano,4,1,野上竜太,2-4-3,22.41,4,5,3,4,差,0,300,0,ok,0,600,0
20260928-ara-iwakidaira-4,20260928,20:05,ara,いわき平,iwakidaira,4,2,鳥海創,1-5,6.22,2,6,2,4,差,0,200,0,ok,0,600,0
20260928-ara-iwakidaira-6,20260928,20:05,ara,いわき平,iwakidaira,6,2,小佐野文秀,1-3,10.1,4,6,3,1,捲,0,200,0,ok,0,600,0
20260928-ara-iwakidaira-7,20260928,20:05,ara,いわき平,iwakidaira,7,2,馬場和広,3-4,10.9,2,1,2,5,差,0,200,0,ok,0,600,0
20260928-honmei-tamano-8,20260928,20:05,honmei,玉野,tamano,8,1,一丸尚伍,2-3-4,27.55,1,1,3,4,逃,1,300,130,ok,1,600,620
20260928-honmei-iwakidaira-8,20260928,20:05,honmei,いわき平,iwakidaira,8,1,小林圭介,2-3-4,15.29,7,2,4,3,差,0,300,0,ok,0,600,0
20260928-ara-tamano-7,20260928,20:05,ara,玉野,tamano,7,5,多田晃紀,1-2,6.78,4,3,6,1,差,0,200,0,ok,0,600,0
20260928-ara-tamano-9,20260928,20:05,ara,玉野,tamano,9,2,吉堂将規,1-5,5.67,1,2,3,4,捲,0,200,0,ok,0,600,0
20260929-honmei-takeo-2,20260929,08:14,honmei,武雄,takeo,2,4,古川貴之,1-5-7,17.5,2,1,4,6,捲,0,300,0,ok,0,600,0
20260929-honmei-takeo-6,20260929,08:14,honmei,武雄,takeo,6,2,原誠宏,7-6-5,16.93,1,2,1,7,差,0,300,0,ok,0,600,0
20260929-ara-takeo-9,20260929,08:14,ara,武雄,takeo,9,5,山口貴弘,1-1,13.14,2,1,5,4,捲,0,200,0,ok,0,400,0
20260929-honmei-hiratsuka-3,20260929,08:14,honmei,平塚,hiratsuka,3,1,篠原輝利,4-3-5,18.86,1,1,7,4,逃,0,300,0,ok,0,600,0
20260929-ara-gifu-4,20260929,08:14,ara,岐阜,gifu,4,2,不破将登,4-3,17.19,1,2,5,9,捲,0,200,0,ok,0,600,0
20260929-honmei-hiratsuka-5,20260929,08:14,honmei,平塚,hiratsuka,5,5,梅川風子,2-6-7,17.23,1,5,2,7,捲,1,300,170,ok,1,600,380
20260929-honmei-gifu-6,20260929,08:14,honmei,岐阜,gifu,6,5,川口公太朗,7-1-9,19.35,1,5,7,4,差,1,300,530,ok,0,600,0
20260929-ara-gifu-8,20260929,08:14,ara,岐阜,gifu,8,5,和田圭,3-9,11.01,2,7,5,9,差,0,200,0,ok,0,600,0
20260929-ara-gifu-9,20260929,08:14,ara,岐阜,gifu,9,7,山形一気,1-5,15.87,4,2,9,5,差,0,200,0,ok,0,600,0
20260929-ara-gifu-12,20260929,08:14,ara,岐阜,gifu,12,2,松浦悠士,6-9,17.99,2,1,2,4,捲,0,200,0,ok,0,600,0
20260929-ara-tamano-1,20260929,20:05,ara,玉野,tamano,1,3,渡部遥,1-2,8.56,6,5,6,1,差,0,200,0,ok,0,600,0
20260929-honmei-tamano-4,20260929,10:45,honmei,玉野,tamano,4,1,野上竜太,2-5-3,18.65,6,2,3,5,差,0,300,0,ok,0,600,0
20260929-ara-tamano-5,20260929,20:05,ara,玉野,tamano,5,5,下沖功児,1-2,9.27,7,1,2,4,差,0,200,0,ok,0,600,0
20260929-ara-tamano-6,20260929,20:05,ara,玉野,tamano,6,1,西村豊,2-3,8.68,1,1,2,4,差,1,200,1160,ok,1,600,2250
20260930-honmei-hofu-4,20260930,08:13,honmei,防府,hofu,4,3,南儀拓海,5-4-6,20.44,1,3,5,1,逃,1,300,340,ok,0,600,0
20260930-ara-hiroshima-1,20260930,08:13,ara,広島,hiroshima,1,2,中山遼太郎,7-4,7.64,4,5,7,4,差,0,200,0,ok,0,600,0
20260930-honmei-hiroshima-2,20260930,08:13,honmei,広島,hiroshima,2,2,山中秀将,1-3-5,21.92,7,1,7,5,逃,0,300,0,ok,0,600,0
20260930-honmei-hiroshima-3,20260930,08:13,honmei,広島,hiroshima,3,3,小沼良,4-2-7,24.16,5,7,2,5,差,0,300,0,ok,0,600,0
20260930-ara-hiroshima-7,20260930,08:13,ara,広島,hiroshima,7,5,川上いちご,7-1,7.31,3,7,1,5,差,0,200,0,ok,0,600,0
20260930-ara-hiratsuka-6,20260930,08:13,ara,平塚,hiratsuka,6,7,小坂丈,4-2,7.97,1,7,2,1,捲,1,200,940,ok,0,600,0
20260930-honmei-maebashi-1,20260930,20:05,honmei,前橋,maebashi,1,1,内田淳,7-4-2,16.44,2,7,1,5,差,0,300,0,ok,0,600,0
20260930-ara-nara-2,20260930,20:05,ara,奈良,nara,2,2,川本恵二,1,7.61,3,1,6,2,差,0,100,0,ok,0,300,0
20260930-honmei-nara-4,20260930,20:05,honmei,奈良,nara,4,1,佐藤和典,5-2-3,14.0,2,5,1,4,捲,0,300,0,ok,0,600,0
20260930-honmei-nara-6,20260930,20:05,honmei,奈良,nara,6,1,近藤圭佑,3-7-2,17.44,5,2,4,6,逃,0,300,0,ok,0,600,0
20260930-ara-nara-7,20260930,20:05,ara,奈良,nara,7,2,湯浅大輔,6-1,6.0,2,1,2,4,逃,0,200,0,ok,0,600,0
20260930-ara-aomori-7,20260930,20:05,ara,青森,aomori,7,2,蒔田英彦,1-5,8.24,7,3,6,5,逃,0,200,0,ok,0,600,0
